{
  "shape": [
    41188,
    20
  ],
  "columns": [
    "age",
    "job",
    "marital",
    "education",
    "default",
    "housing",
    "loan",
    "contact",
    "month",
    "day_of_week",
    "duration",
    "campaign",
    "pdays",
    "previous",
    "poutcome",
    "emp.var.rate",
    "cons.price.idx",
    "cons.conf.idx",
    "euribor3m",
    "nr.employed"
  ],
  "dtypes": {
    "age": "int64",
    "job": "object",
    "marital": "object",
    "education": "object",
    "default": "object",
    "housing": "object",
    "loan": "object",
    "contact": "object",
    "month": "object",
    "day_of_week": "object",
    "duration": "int64",
    "campaign": "int64",
    "pdays": "int64",
    "previous": "int64",
    "poutcome": "object",
    "emp.var.rate": "float64",
    "cons.price.idx": "float64",
    "cons.conf.idx": "float64",
    "euribor3m": "float64",
    "nr.employed": "float64"
  },
  "missing_counts": {
    "age": 0,
    "job": 0,
    "marital": 0,
    "education": 0,
    "default": 0,
    "housing": 0,
    "loan": 0,
    "contact": 0,
    "month": 0,
    "day_of_week": 0,
    "duration": 0,
    "campaign": 0,
    "pdays": 0,
    "previous": 0,
    "poutcome": 0,
    "emp.var.rate": 0,
    "cons.price.idx": 0,
    "cons.conf.idx": 0,
    "euribor3m": 0,
    "nr.employed": 0
  },
  "target_name": "y",
  "target_balance": {
    "0": 0.8873,
    "1": 0.1127
  }
}