feature,importance
duration,0.2759822441431486
euribor3m,0.0892005391030947
age,0.08081998942109479
nr.employed,0.049332006690418706
campaign,0.03980060295635738
pdays,0.032032708926784295
cons.conf.idx,0.0264346384852356
emp.var.rate,0.024919280328782094
cons.price.idx,0.021863046248246507
poutcome_success,0.01767820188777076
housing_yes,0.013549428898889522
housing_no,0.013330114650563586
job_admin.,0.012249920556479969
previous,0.011864120234073038
education_university.degree,0.011859190576938402
marital_married,0.011723443934913695
day_of_week_mon,0.011530232704640648
education_high.school,0.011134807168605031
day_of_week_thu,0.010891838104686797
marital_single,0.010736151518655418
